title,ingredients,instructions,url
ต้มยำกุ้ง อาหารไทยยอดนิยม พร้อม 6 เคล็ดลับวิธีทำต้มยำกุ้ง,"Home, อาหารไทย, ขนมไทย, น้ำพริก, อาหารไทย 4 ภาค

อาหารภาคกลาง
อาหารอีสาน
อาหารเหนือ
อาหารใต้, อาหารภาคกลาง, อาหารอีสาน, อาหารเหนือ, อาหารใต้, น้ำจิ้ม, อาหารจานเดียว, เมนูอาหาร

เมนูผัด
เมนูแกง
เมนูทอด
เมนูนึ่ง
เมนูปิ้งย่าง
เมนูยำ, เมนูผัด, เมนูแกง, เมนูทอด, เมนูนึ่ง, เมนูปิ้งย่าง, เมนูยำ, สูตรอาหาร

เมนูหมู
เมนูไก่
เมนูปลา
เมนูกุ้ง
เมนูปลาหมึก
เมนูหอย
เมนูปู
เมนูเป็ด
เมนูเนื้อวัว
เมนูตับ
เมนูกะปิ
เมนูไข่
เมนูเส้น
เมนูกะทิ
เมนูเต้าหู้, เมนูหมู, เมนูไก่, เมนูปลา, เมนูกุ้ง, เมนูปลาหมึก, เมนูหอย, เมนูปู, เมนูเป็ด, เมนูเนื้อวัว, เมนูตับ, เมนูกะปิ, เมนูไข่, เมนูเส้น, เมนูกะทิ, เมนูเต้าหู้, อาหารนานาชาติ

อาหารจีน
อาหารไทย
อาหารญี่ปุ่น
อาหารเวียดนาม
อาหารเกาหลี, อาหารจีน, อาหารไทย, อาหารญี่ปุ่น, อาหารเวียดนาม, อาหารเกาหลี, อาหารเจ, เครื่องดื่ม, กุ้งกุลาดำตัวใหญ่ 4 – 5 ตัว(เลือกกุ้งตัวใหญ่ขนาดผ่ามือ), เห็ดโคน ผ่าครึ่ง 5 หัว, น้ำพริกเผา 1 ช้อนโต้ะ, น้ำปลา 1 ช้อนโต้ะ, น้ำมะขามเปียก 1 ช้อนโต้ะ, น้ำมะนาว 1 ช้อนโต้ะ, พริกขี้หนูสวนบด 1 ช้อนโต้ะ, นมค้นจืด 1 ช้อนโต้ะ, ใบมะกรูดฉีก 3 ใบ, น้ำซุปกระดูกหมู 2 ถ้วย, ข่าแก่ หั่นเป็นชิ้น 3 ชิ้น, ตะไคร้ หั่นเป็นท่อน 3 ชิ้น, หอมแดง ผ่าครึ่ง 2 ลูก, ผักชีฝรั่ง ซอยหยาบ 2 ช้อนโต้ะ, “Tom Yum Gai – Suwanee’s Kitchen”. Chiang Rai Times. สืบค้นเมื่อ 18 January 2016., “The homemade hot sour soup that packs a punch”. whitsunday coast guardian. สืบค้นเมื่อ 28 September 2017., “อาจารย์เดชา ศิริภัทร เล่าที่มาของ “ต้มยำกุ้ง” มรดกภูมิปัญญาทางวัฒนธรรมของชาติ”. เทคโนโลยีชาวบ้าน., อาหารภาคกลาง, อาหารไทย, เมนูกุ้ง, เมนูแกง, อาหารไทย, อาหารจีน, อาหารญี่ปุ่น, อาหารเวียดนาม, อาหารภาคกลาง, อาหารเหนือ, อาหารใต้, อาหารอีสาน, เมนูผัด, เมนูแกง, เมนูปิ้งย่าง, เมนูทอด, เมนูนึ่ง, เมนูยำ, เมนูหมู, เมนูไก่, เมนูปลา, เมนูกุ้ง, เมนูหมึก, เมนูปู, เมนูหอย, เมนูตับ, เมนูกะปิ, เมนูไข่, เมนูกะทิ, เมนูเต้าหู้, เมนูเส้น, ข้าวเหนียวทุเรียน ขนมหวานแสนอร่อย พร้อม 3 เคล็ดลับวิธีทำขนม, ยำดอกอัญชันหมูสับ อาหารไทยง่ายๆ พร้อม 7 เคล็ดลับความอร่อย, เต้าหู้ไข่ทอดราดซอส อาหารแบบง่ายๆ พร้อม 3 เคล็ดลับความอร่อย, ไข่เจียวใบโหระพากรอบ อาหารไทย พร้อม 5 เคล็ดลับความอร่อย, เมี่ยงตะไคร้ อาหารไทย พร้อม 6 เคล็ดลับความอร่อย, แกงเลียงกะทิสด อาหารไทยง่ายๆ พร้อม 5 เคล็ดลับความอร่อย, เฝ๋อ อาหารเวียดนามแสนอร่อย พร้อม 5 เคล็ดลับความอร่อย, ไก่บ้านต้มระกำ อาหารพื้นบ้าน พร้อม 6 เคล็ดลับความอร่อย, ต้มข่าหัวปลี อาหารไทยง่ายๆ พร้อม 9 เคล็ดลับความอร่อย, ขาหมูต้มใบมะดัน อาหารไทยง่ายๆ พร้อม 7 เคล็ดลับความอร่อย, ปลาหมึกทอดขมิ้น อาหารไทยง่ายๆ พร้อม 7 เคล็ดลับความอร่อย, ต้มส้มปลาหมึก อาหารไทยง่ายๆ พร้อม 7 เคล็ดลับความอร่อย, ข้าวยำ อาหารไทยพื้นบ้านง่ายๆ พร้อม 5 เคล็ดลับความอร่อย, ไส้อั่ว อาหารพื้นเมืองแบบง่ายๆ พร้อม 5 เคล็ดลับความอร่อย, ยำผักกูด อาหารไทยแบบง่ายๆ พร้อม 7 เคล็ดลับความอร่อย, หย่าเก่ย เมนูแสนอร่อยจากขาหมู พร้อม 8 เคล็ดลับความอร่อย, ผัดผักกวางตุ้งหมูสับ อาหารผัด พร้อม 5 เคล็ดลับความอร่อย, แกงแคไก่ อาหารแสนอร่อย พร้อม 5 เคล็ดลับความอร่อย, ส้มตำไทย อาหารไทยยอดนิยม พร้อม 7 เคล็ดลับความอร่อย, น้ำจิ้มบาร์บีคิว อาหารง่ายๆ พร้อม 5 เคล็ดลับความอร่อย, ผัดไทยทะเล อาหารไทยแสนอร่อยๆ พร้อม 7 เคล็ดลับความอร่อย, ยำมะม่วง อาหารไทยยอดนิยม พร้อม 7 เคล็ดลับความอร่อย, ซุปแตงโม สูตรอาหารแบบง่ายๆ พร้อม 5 เคล็ดลับความอร่อย, ก๋วยเตี๋ยวหลอดกุ้ง อาหารแสนอร่อย พร้อม 5 เคล็ดลับความอร่อย, ต้มจืดมะระซี่โครงหมู อาหารไทยง่ายๆ พร้อม 7 เคล็ดลับความอร่อย, krasopkaidee.com – ขายถุงกระสอบ ถุงกระสอบ ถุงสายรุ้ง ถุงไนลอน ถุงการ์ตูน และ ถุงล้อลาก, bagzeed.com – ขายถุงกระสอบ ถุงกระสอบ ถุงสายรุ้ง ถุงไนลอน ถุงการ์ตูน และ ถุงล้อลาก, bagloverstore.com – ขายถุงกระสอบ ถุงกระสอบ ถุงสายรุ้ง ถุงไนลอน ถุงการ์ตูน และ ถุงล้อลาก, Home, อาหารไทย, ขนมไทย, น้ำพริก, อาหารไทย 4 ภาค

อาหารภาคกลาง
อาหารอีสาน
อาหารเหนือ
อาหารใต้, อาหารภาคกลาง, อาหารอีสาน, อาหารเหนือ, อาหารใต้, น้ำจิ้ม, อาหารจานเดียว, เมนูอาหาร

เมนูผัด
เมนูแกง
เมนูทอด
เมนูนึ่ง
เมนูปิ้งย่าง
เมนูยำ, เมนูผัด, เมนูแกง, เมนูทอด, เมนูนึ่ง, เมนูปิ้งย่าง, เมนูยำ, สูตรอาหาร

เมนูหมู
เมนูไก่
เมนูปลา
เมนูกุ้ง
เมนูปลาหมึก
เมนูหอย
เมนูปู
เมนูเป็ด
เมนูเนื้อวัว
เมนูตับ
เมนูกะปิ
เมนูไข่
เมนูเส้น
เมนูกะทิ
เมนูเต้าหู้, เมนูหมู, เมนูไก่, เมนูปลา, เมนูกุ้ง, เมนูปลาหมึก, เมนูหอย, เมนูปู, เมนูเป็ด, เมนูเนื้อวัว, เมนูตับ, เมนูกะปิ, เมนูไข่, เมนูเส้น, เมนูกะทิ, เมนูเต้าหู้, อาหารนานาชาติ

อาหารจีน
อาหารไทย
อาหารญี่ปุ่น
อาหารเวียดนาม
อาหารเกาหลี, อาหารจีน, อาหารไทย, อาหารญี่ปุ่น, อาหารเวียดนาม, อาหารเกาหลี, อาหารเจ, เครื่องดื่ม","ต้มยำกุ้ง อาหารไทยยอดนิยม เมนูกุ้ง วิธีทำต้มยำกุ้ง ง่ายๆ สามารถทำกินเองที่บ้านได้ เครื่องปรุงหาไม่ยาก ข่า ตะไคร้ ใบมะกรูด พริกสด แกงไทยที่ทั่วโลกรู้จัก อาหารไทย เมนูอาหารยอดนิยมสำหรับวันนี้ เป็นอาหารไทยขึ้นชื่อ คือ ต้มยำกุ้ง ภาษาอังกฤษ เรียก spicy soup with shrimp เคล็ดลับความอร่อยของเมนูต้มยำ อยู่ที่การเลือกเนื้อกุ้งสดๆ และ การปรุงรสชาติให้จัดจ้าน ต้มยำกุ้ง ส่วนผสมและขั้นตอนการทำไม่ยุ่งยาก เข้าใจง่าย เหมาะสำหรับคนชอบการทำอาหาร เมนูแกง ส่วนผสมสำหรับทำต้มยำกุ้งน้ำค้น วิธีทำต้มยำกุ้งน้ำค้น เคล็ดลับการทำต้มยำกุ้ง nlovecooking.com รวบรวมสูตรอาหารต่างๆ เมนูอาหารที่เราอยากนำเสนอให้เพื่อนๆสำหรับคยต้องการทำอาหาร ซึ่งเน้นรายละเอียด ส่วนผสม วิธีทำ และ เคล็ดลับในการทำอาหารต่างๆ ซึ่งมีสูตรอาหารต่างๆ เช่น อาหารไทย อาหารจีน อาหารญี่ปุ่น และ อาหารเวียดนาม โดยการแยกสูตรอาหารต่างๆตามเทคนิคการทำอาหาร และ วััตถุดิบในการทำอาหาร เช่น เมนูผัด เมนูแกง เมนูทอด เมนูปิ้งย่าง เมนูนึ่ง เมนูตุ๋น เมนูยำ เมนูหมู เมนูไก่ เมนูปลา เมนูกุ้ง เมนูปลาหมึก เมนูไข่ รวมถึง น้ำจิ้ม น้ำพริก ขนมไทย อาหารเจ และ เครื่องดื่ม สำหรับสูตรอาหารที่เรานำเสนอ เราได้ทดสอบ ลองชิมรสชาติว่าอร่อยแล้ว แต่ความอร่อยของคนแต่ละคนไม่เหมือนกัน ท่านจำเป็นต้องนำเอาไปปรับปรุงรสชาติให้ได้รสชาติที่ถูกใจท่านเอง สำหรับความอร่อยของอาหารแต่ละประเภทมีหลักการอยู่ง่ายๆ คือ หนึ่งวัตุถุดิบต้องมีคุณภาพ ความสด ความใหม่ของวัตถุดิบต่างๆมีความสำคัญ สองเทคนิคการเตรียมอาหาร ความเข้าใจในธรรมชาติของวัตถุดิบที่นำมาทำอาหาร อะไรสุกง่าย อะไรสุกยาก รสชาติพื้นฐานของวัตถุดิบนั้นๆ และ สามการปรุงรสชาติ ซึ่งการปรุงรสชาติสำคัญที่สุด รสชาติของอาหารที่จะอร่อยหรือไม่อยูู่ที่การปรุงรสให้ถูกปาก เราหวังว่าท่านจะประทับใจในสูตรอาหารต่างๆที่เรานำเสนอนี้ ต้มยำ เป็นแกงไทยที่มีรสเปรี้ยวเผ็ด ต้มยำเป็นอาหารที่รู้จัก และมีชื่อเสียงไปทั่วโลก คำว่า “ต้มยำ” มาจากคำภาษาไทย 2 คำ คือ “ต้ม” และ “ยำ” คำว่า “ต้ม” หมายถึง กิริยาเอาของเหลวใส่ภาชนะแล้วทำให้ร้อนให้เดือดหรือสุก ขณะที่ “ยำ” หมายถึงอาหารไทยประเภทที่มีรสเปรี้ยวเผ็ด ดังนั้น “ต้มยำ” คือแกงไทยที่มีความเผ็ดร้อนและเปรี้ยว อันที่จริงคุณลักษณะของต้มยำมาจากความแตกต่างระหว่างความเผ็ดร้อนและความเปรี้ยวและกลิ่นหอมของสมุนไพรในน้ำแกง ที่สำคัญน้ำแกงนั้นประกอบด้วย น้ำต้มกระดูกและเครื่องปรุงส่วนผสมสดได้แก่ ตะไคร้ ใบมะกรูด ข่า น้ำมะนาว น้ำปลา และพริก ในประเทศเพื่อนบ้านอย่างมาเลเซียและสิงคโปร์ชื่อต้มยำ ถูกใช้เรียกน้ำแกงประเภทต่าง ๆ ที่เผ็ดร้อน ซึ่งแตกต่างจากน้ำแกงต้มยำของไทยดั้งเดิม ทำให้ผู้คนสับสนจากความแตกต่างนี้  ต้มยำกุ้ง ภาษาอังกฤษ เรียก Spicy soup with shrimp เป็น แกงไทย ทีมีสมุนไพรหลายชนิด ปรุงรสเผ็ด และเปรี้ยว หอมสมุนไพร เราจึงแนะนำสูตรต้มยำกุ้งมาให้เพื่อนๆ การทำต้มยำกุ้งให้อร่อย อยู่ที่เทคนิคการเตรียมอาหาร ให้มีความสดใหม่ และขั้นตอนการทำที่เอาประโยชน์ของสมุนไพรออกมาให้ได้มากที่สุด มีเทคนิคการทำมากมายสำหรับอาหารเมนูต้มยำ ต้มยำกุ้ง อาหารไทย เมนูกุ้ง วิธีทำต้มยำกุ้ง ทำง่ายๆ สามารถทำกินเองที่บ้านได้ เครื่องปรุงหาไม่ยาก ข่า ตะไคร้ ใบมะกรูด พริกสด เมนูแกงไทย เมนูกุ้ง กับข้าวจากกุ้ง อาหารที่ทั่วโลกรู้จัก แหล่งอ้างอิง Last Updated on March 4, 2024 อาหารนานาชาติ อาหารไทย 4 ภาค ขนมไทย น้ำพริก น้ำจิ้ม อาหารจานเดียว สูตรอาหารตามเทคนิคการทำอาหาร สูตรอาหารตามวัตถุดิบ อาหารเจ เครื่องดื่ม เว็บพันธมิตร Last Updated on March 4, 2024",https://nlovecooking.com/ต้มยำกุ้ง/
